{"centroid": [0.5132019054487611, 0.5404313714917365, 0.45736491200613383], "volume": 37091, "max_distance": 90.97801932335085, "cavity_codes": [{"centroid": [0.5051958655903026, 0.5167097891412855, 0.45882950680377743], "volume": 19634, "max_distance": 90.97801932335085, "n2": [0.001953125, 0.0008392333984375, 0.0018310546875, 0.0026092529296875, 0.004119873046875, 0.00469207763671875, 0.00505828857421875, 0.00640106201171875, 0.00853729248046875, 0.0084686279296875, 0.00911712646484375, 0.009490966796875, 0.0110626220703125, 0.01220703125, 0.01462554931640625, 0.01473236083984375, 0.01650238037109375, 0.01654052734375, 0.01746368408203125, 0.0191650390625, 0.02147674560546875, 0.0236053466796875, 0.02426910400390625, 0.0326080322265625, 0.03183746337890625, 0.02869415283203125, 0.02709197998046875, 0.02237701416015625, 0.0205078125, 0.02130126953125, 0.019317626953125, 0.0184783935546875, 0.016876220703125, 0.01873779296875, 0.01685333251953125, 0.0171356201171875, 0.01590728759765625, 0.01641845703125, 0.01622772216796875, 0.01507568359375, 0.01580047607421875, 0.01404571533203125, 0.014801025390625, 0.01422119140625, 0.0128936767578125, 0.01336669921875, 0.01364898681640625, 0.0126190185546875, 0.0128173828125, 0.012298583984375, 0.01261138916015625, 0.01202392578125, 0.01131439208984375, 0.01172637939453125, 0.01081085205078125, 0.01082611083984375, 0.0105438232421875, 0.01031494140625, 0.01021575927734375, 0.0093994140625, 0.0094757080078125, 0.0089874267578125, 0.00885009765625, 0.00849151611328125, 0.008026123046875, 0.00806427001953125, 0.0079498291015625, 0.00716400146484375, 0.007354736328125, 0.006866455078125, 0.0063018798828125, 0.00612640380859375, 0.005950927734375, 0.00536346435546875, 0.00516510009765625, 0.00461578369140625, 0.00458526611328125, 0.0037841796875, 0.0037384033203125, 0.003448486328125, 0.0029449462890625, 0.00263214111328125, 0.00212860107421875, 0.00196075439453125, 0.00135040283203125, 0.0009765625, 0.000640869140625, 0.00035858154296875, 0.000152587890625, 3.0517578125e-05, 0.0, 0.0, 0.0, 0.0, 0.0, 0.0, 0.0, 0.0, 0.0, 0.0, 0.0, 0.0, 0.0, 0.0, 0.0, 0.0, 0.0, 0.0, 0.0, 0.0, 0.0, 0.0, 0.0, 0.0, 0.0, 0.0, 0.0, 0.0, 0.0, 0.0]}, {"centroid": [0.5642101262862488, 0.8242843779232928, 0.4082913139702024], "volume": 1069, "max_distance": 90.97801932335085, "n2": [0.001953125, 0.01219940185546875, 0.01788330078125, 0.02075958251953125, 0.037750244140625, 0.03752899169921875, 0.04862213134765625, 0.05170440673828125, 0.05979156494140625, 0.05471038818359375, 0.0596923828125, 0.04703521728515625, 0.04703521728515625, 0.04482269287109375, 0.04573822021484375, 0.03992462158203125, 0.04003143310546875, 0.039215087890625, 0.0336761474609375, 0.03218841552734375, 0.03267669677734375, 0.0330810546875, 0.0254058837890625, 0.0265350341796875, 0.021820068359375, 0.02031707763671875, 0.0198516845703125, 0.01616668701171875, 0.01336669921875, 0.00970458984375, 0.0055694580078125, 0.00244140625, 0.0006561279296875, 0.0001220703125, 2.288818359375e-05, 0.0, 0.0, 0.0, 0.0, 0.0, 0.0, 0.0, 0.0, 0.0, 0.0, 0.0, 0.0, 0.0, 0.0, 0.0, 0.0, 0.0, 0.0, 0.0, 0.0, 0.0, 0.0, 0.0, 0.0, 0.0, 0.0, 0.0, 0.0, 0.0, 0.0, 0.0, 0.0, 0.0, 0.0, 0.0, 0.0, 0.0, 0.0, 0.0, 0.0, 0.0, 0.0, 0.0, 0.0, 0.0, 0.0, 0.0, 0.0, 0.0, 0.0, 0.0, 0.0, 0.0, 0.0, 0.0, 0.0, 0.0, 0.0, 0.0, 0.0, 0.0, 0.0, 0.0, 0.0, 0.0, 0.0, 0.0, 0.0, 0.0, 0.0, 0.0, 0.0, 0.0, 0.0, 0.0, 0.0, 0.0, 0.0, 0.0, 0.0, 0.0, 0.0, 0.0, 0.0, 0.0]}], "n2": [0.001953125, 0.00064849853515625, 0.00107574462890625, 0.00109100341796875, 0.00250244140625, 0.002471923828125, 0.00315093994140625, 0.0042572021484375, 0.0056915283203125, 0.006072998046875, 0.0066375732421875, 0.0064239501953125, 0.00673675537109375, 0.00809478759765625, 0.0090484619140625, 0.00917816162109375, 0.0102386474609375, 0.01128387451171875, 0.01076507568359375, 0.0113372802734375, 0.013092041015625, 0.0141448974609375, 0.01285552978515625, 0.01575469970703125, 0.014923095703125, 0.01696014404296875, 0.01904296875, 0.0184478759765625, 0.01914215087890625, 0.02185821533203125, 0.0229034423828125, 0.0242462158203125, 0.0221710205078125, 0.02484893798828125, 0.02390289306640625, 0.02393341064453125, 0.025726318359375, 0.024169921875, 0.0239105224609375, 0.021697998046875, 0.0229949951171875, 0.019775390625, 0.020355224609375, 0.01848602294921875, 0.0167083740234375, 0.016204833984375, 0.0154571533203125, 0.01412200927734375, 0.01433563232421875, 0.0129852294921875, 0.013702392578125, 0.0128021240234375, 0.01239013671875, 0.01244354248046875, 0.0117340087890625, 0.01232147216796875, 0.01171875, 0.01093292236328125, 0.01137542724609375, 0.0118408203125, 0.010467529296875, 0.01025390625, 0.01042938232421875, 0.009765625, 0.009429931640625, 0.00909423828125, 0.00909423828125, 0.00872802734375, 0.00847625732421875, 0.0081787109375, 0.0075836181640625, 0.00714111328125, 0.00685882568359375, 0.0064849853515625, 0.00614166259765625, 0.00506591796875, 0.00548553466796875, 0.00487518310546875, 0.0043182373046875, 0.00395965576171875, 0.00382232666015625, 0.003387451171875, 0.003173828125, 0.0028228759765625, 0.00264739990234375, 0.00244903564453125, 0.00234222412109375, 0.00191497802734375, 0.00180816650390625, 0.00164794921875, 0.00146484375, 0.0015106201171875, 0.001251220703125, 0.0010223388671875, 0.00070953369140625, 0.00041961669921875, 0.00040435791015625, 0.000152587890625, 8.392333984375e-05, 3.814697265625e-05, 1.52587890625e-05, 0.0, 0.0, 0.0, 0.0, 0.0, 0.0, 0.0, 0.0, 0.0, 0.0, 0.0, 0.0, 0.0, 0.0, 0.0, 0.0, 0.0, 0.0, 0.0]}