{"centroid": [0.48757640238883343, 0.43643784840158945, 0.5068097186465612], "volume": 54380, "max_distance": 91.98369420718001, "cavity_codes": [{"centroid": [0.5160624313368943, 0.4926763067995695, 0.5065861942353589], "volume": 16341, "max_distance": 91.98369420718001, "n2": [0.001953125, 0.001495361328125, 0.0023651123046875, 0.00283050537109375, 0.0046539306640625, 0.005645751953125, 0.00505828857421875, 0.00794219970703125, 0.00847625732421875, 0.010650634765625, 0.01171875, 0.012115478515625, 0.01451873779296875, 0.014801025390625, 0.0167236328125, 0.018280029296875, 0.016357421875, 0.02133941650390625, 0.0212249755859375, 0.02246856689453125, 0.02156829833984375, 0.0243377685546875, 0.02948760986328125, 0.0284271240234375, 0.0294036865234375, 0.0290069580078125, 0.02799224853515625, 0.0272674560546875, 0.0305633544921875, 0.02637481689453125, 0.0294647216796875, 0.02996826171875, 0.02877044677734375, 0.03020477294921875, 0.02930450439453125, 0.0303497314453125, 0.0289154052734375, 0.02861785888671875, 0.028656005859375, 0.02667236328125, 0.02617645263671875, 0.02545928955078125, 0.0246734619140625, 0.02278900146484375, 0.0213470458984375, 0.02030181884765625, 0.01708984375, 0.0152130126953125, 0.01251983642578125, 0.00968170166015625, 0.00731658935546875, 0.00543212890625, 0.0033111572265625, 0.00168609619140625, 0.0005950927734375, 0.00025177001953125, 0.00014495849609375, 3.814697265625e-05, 0.0, 0.0, 0.0, 0.0, 0.0, 0.0, 0.0, 0.0, 0.0, 0.0, 0.0, 0.0, 0.0, 0.0, 0.0, 0.0, 0.0, 0.0, 0.0, 0.0, 0.0, 0.0, 0.0, 0.0, 0.0, 0.0, 0.0, 0.0, 0.0, 0.0, 0.0, 0.0, 0.0, 0.0, 0.0, 0.0, 0.0, 0.0, 0.0, 0.0, 0.0, 0.0, 0.0, 0.0, 0.0, 0.0, 0.0, 0.0, 0.0, 0.0, 0.0, 0.0, 0.0, 0.0, 0.0, 0.0, 0.0, 0.0, 0.0, 0.0, 0.0, 0.0]}, {"centroid": [0.46296590322708686, 0.13313066265683823, 0.5064210544595721], "volume": 7198, "max_distance": 91.98369420718001, "n2": [0.001953125, 0.00171661376953125, 0.00347137451171875, 0.0045013427734375, 0.00720977783203125, 0.00893402099609375, 0.00778961181640625, 0.0144500732421875, 0.01351165771484375, 0.016326904296875, 0.01769256591796875, 0.01905059814453125, 0.021697998046875, 0.02387237548828125, 0.02862548828125, 0.03006744384765625, 0.0250244140625, 0.0340728759765625, 0.03270721435546875, 0.032440185546875, 0.02925872802734375, 0.0324859619140625, 0.0343017578125, 0.0326690673828125, 0.03316497802734375, 0.032196044921875, 0.0341796875, 0.0312652587890625, 0.0328521728515625, 0.02664947509765625, 0.02983856201171875, 0.028045654296875, 0.026092529296875, 0.02512359619140625, 0.02335357666015625, 0.024200439453125, 0.02069091796875, 0.0186767578125, 0.01776123046875, 0.0162811279296875, 0.0147705078125, 0.0130157470703125, 0.01165771484375, 0.01116943359375, 0.00951385498046875, 0.00902557373046875, 0.006622314453125, 0.00650787353515625, 0.00522613525390625, 0.0044097900390625, 0.00327301025390625, 0.00238037109375, 0.002410888671875, 0.001708984375, 0.001007080078125, 0.0005035400390625, 0.00084686279296875, 0.0005950927734375, 0.0001983642578125, 7.62939453125e-05, 0.00041961669921875, 0.0001678466796875, 0.0001068115234375, 9.1552734375e-05, 9.1552734375e-05, 0.0, 0.0, 0.0, 0.0, 0.0, 0.0, 0.0, 0.0, 0.0, 0.0, 0.0, 0.0, 0.0, 0.0, 0.0, 0.0, 0.0, 0.0, 0.0, 0.0, 0.0, 0.0, 0.0, 0.0, 0.0, 0.0, 0.0, 0.0, 0.0, 0.0, 0.0, 0.0, 0.0, 0.0, 0.0, 0.0, 0.0, 0.0, 0.0, 0.0, 0.0, 0.0, 0.0, 0.0, 0.0, 0.0, 0.0, 0.0, 0.0, 0.0, 0.0, 0.0, 0.0, 0.0, 0.0]}, {"centroid": [0.3587467063810288, 0.18491438275390348, 0.2660259623095429], "volume": 1247, "max_distance": 91.98369420718001, "n2": [0.001953125, 0.0106964111328125, 0.01593780517578125, 0.01993560791015625, 0.035736083984375, 0.04483795166015625, 0.03936004638671875, 0.0591278076171875, 0.0604095458984375, 0.06352996826171875, 0.06977081298828125, 0.06607818603515625, 0.06731414794921875, 0.06334686279296875, 0.0572357177734375, 0.05162811279296875, 0.03855133056640625, 0.04204559326171875, 0.03411102294921875, 0.0298919677734375, 0.02558135986328125, 0.02243804931640625, 0.02104949951171875, 0.01708221435546875, 0.0152130126953125, 0.0117034912109375, 0.0085601806640625, 0.0044097900390625, 0.00186920166015625, 0.00048065185546875, 0.00011444091796875, 0.0, 0.0, 0.0, 0.0, 0.0, 0.0, 0.0, 0.0, 0.0, 0.0, 0.0, 0.0, 0.0, 0.0, 0.0, 0.0, 0.0, 0.0, 0.0, 0.0, 0.0, 0.0, 0.0, 0.0, 0.0, 0.0, 0.0, 0.0, 0.0, 0.0, 0.0, 0.0, 0.0, 0.0, 0.0, 0.0, 0.0, 0.0, 0.0, 0.0, 0.0, 0.0, 0.0, 0.0, 0.0, 0.0, 0.0, 0.0, 0.0, 0.0, 0.0, 0.0, 0.0, 0.0, 0.0, 0.0, 0.0, 0.0, 0.0, 0.0, 0.0, 0.0, 0.0, 0.0, 0.0, 0.0, 0.0, 0.0, 0.0, 0.0, 0.0, 0.0, 0.0, 0.0, 0.0, 0.0, 0.0, 0.0, 0.0, 0.0, 0.0, 0.0, 0.0, 0.0, 0.0, 0.0, 0.0, 0.0, 0.0]}, {"centroid": [0.35787602184830825, 0.18602544944074628, 0.7451645496535797], "volume": 1299, "max_distance": 91.98369420718001, "n2": [0.001953125, 0.0102386474609375, 0.01523590087890625, 0.01910400390625, 0.03447723388671875, 0.043121337890625, 0.03755950927734375, 0.05673980712890625, 0.05908966064453125, 0.06272125244140625, 0.0695648193359375, 0.0660247802734375, 0.0668792724609375, 0.06272125244140625, 0.0579986572265625, 0.0518035888671875, 0.03826141357421875, 0.04278564453125, 0.03557586669921875, 0.03070068359375, 0.02677154541015625, 0.0225830078125, 0.0213623046875, 0.01773834228515625, 0.01645660400390625, 0.0135345458984375, 0.00991058349609375, 0.00547027587890625, 0.00241851806640625, 0.0008697509765625, 0.00031280517578125, 1.52587890625e-05, 0.0, 0.0, 0.0, 0.0, 0.0, 0.0, 0.0, 0.0, 0.0, 0.0, 0.0, 0.0, 0.0, 0.0, 0.0, 0.0, 0.0, 0.0, 0.0, 0.0, 0.0, 0.0, 0.0, 0.0, 0.0, 0.0, 0.0, 0.0, 0.0, 0.0, 0.0, 0.0, 0.0, 0.0, 0.0, 0.0, 0.0, 0.0, 0.0, 0.0, 0.0, 0.0, 0.0, 0.0, 0.0, 0.0, 0.0, 0.0, 0.0, 0.0, 0.0, 0.0, 0.0, 0.0, 0.0, 0.0, 0.0, 0.0, 0.0, 0.0, 0.0, 0.0, 0.0, 0.0, 0.0, 0.0, 0.0, 0.0, 0.0, 0.0, 0.0, 0.0, 0.0, 0.0, 0.0, 0.0, 0.0, 0.0, 0.0, 0.0, 0.0, 0.0, 0.0, 0.0, 0.0, 0.0, 0.0, 0.0]}, {"centroid": [0.7441550428593464, 0.7667383473518977, 0.5079679546506247], "volume": 2161, "max_distance": 91.98369420718001, "n2": [0.001953125, 0.00693511962890625, 0.01141357421875, 0.011627197265625, 0.0202789306640625, 0.027435302734375, 0.02396392822265625, 0.04027557373046875, 0.043487548828125, 0.05054473876953125, 0.05493927001953125, 0.05084991455078125, 0.05352783203125, 0.055023193359375, 0.05353546142578125, 0.0527191162109375, 0.0430755615234375, 0.05181121826171875, 0.0461578369140625, 0.04518890380859375, 0.03998565673828125, 0.03884124755859375, 0.0389251708984375, 0.0320892333984375, 0.0293426513671875, 0.0239105224609375, 0.01953887939453125, 0.01555633544921875, 0.01025390625, 0.00411224365234375, 0.00206756591796875, 0.00061798095703125, 1.52587890625e-05, 0.0, 0.0, 0.0, 0.0, 0.0, 0.0, 0.0, 0.0, 0.0, 0.0, 0.0, 0.0, 0.0, 0.0, 0.0, 0.0, 0.0, 0.0, 0.0, 0.0, 0.0, 0.0, 0.0, 0.0, 0.0, 0.0, 0.0, 0.0, 0.0, 0.0, 0.0, 0.0, 0.0, 0.0, 0.0, 0.0, 0.0, 0.0, 0.0, 0.0, 0.0, 0.0, 0.0, 0.0, 0.0, 0.0, 0.0, 0.0, 0.0, 0.0, 0.0, 0.0, 0.0, 0.0, 0.0, 0.0, 0.0, 0.0, 0.0, 0.0, 0.0, 0.0, 0.0, 0.0, 0.0, 0.0, 0.0, 0.0, 0.0, 0.0, 0.0, 0.0, 0.0, 0.0, 0.0, 0.0, 0.0, 0.0, 0.0, 0.0, 0.0, 0.0, 0.0, 0.0, 0.0, 0.0, 0.0]}, {"centroid": [0.306063122923588, 0.7792148571902334, 0.5069288451374208], "volume": 1892, "max_distance": 91.98369420718001,