{"centroid": [0.5077786965194562, 0.522000560150137, 0.5089401611933293], "volume": 68179, "max_distance": 92.91393867445294, "cavity_codes": [{"centroid": [0.5078125, 0.6688815060908084, 0.5111434108527132], "volume": 10836, "max_distance": 92.91393867445294, "n2": [0.001953125, 0.00179290771484375, 0.00189971923828125, 0.00290679931640625, 0.0055999755859375, 0.00656890869140625, 0.0069732666015625, 0.00925445556640625, 0.0090484619140625, 0.01416015625, 0.01520538330078125, 0.01868438720703125, 0.01827239990234375, 0.017852783203125, 0.0215301513671875, 0.0219879150390625, 0.022796630859375, 0.0210723876953125, 0.02025604248046875, 0.02117919921875, 0.01964569091796875, 0.0215301513671875, 0.021209716796875, 0.02120208740234375, 0.022491455078125, 0.02075958251953125, 0.0229949951171875, 0.02144622802734375, 0.02083587646484375, 0.02074432373046875, 0.02021026611328125, 0.0213165283203125, 0.0211944580078125, 0.0222625732421875, 0.0205841064453125, 0.020050048828125, 0.0204315185546875, 0.02010345458984375, 0.01979827880859375, 0.01828765869140625, 0.0197296142578125, 0.0191802978515625, 0.019805908203125, 0.01767730712890625, 0.01885223388671875, 0.018524169921875, 0.01747894287109375, 0.0175018310546875, 0.01586151123046875, 0.0160064697265625, 0.01389312744140625, 0.0127105712890625, 0.01129150390625, 0.01157379150390625, 0.01039886474609375, 0.00896453857421875, 0.00870513916015625, 0.00794219970703125, 0.00809478759765625, 0.00704193115234375, 0.006256103515625, 0.005767822265625, 0.00572967529296875, 0.00502777099609375, 0.0042724609375, 0.00386810302734375, 0.00286102294921875, 0.00240325927734375, 0.0021820068359375, 0.0014495849609375, 0.001068115234375, 0.00067138671875, 0.00054168701171875, 0.00025177001953125, 0.000213623046875, 7.62939453125e-05, 3.0517578125e-05, 0.0, 0.0, 0.0, 0.0, 0.0, 0.0, 0.0, 0.0, 0.0, 0.0, 0.0, 0.0, 0.0, 0.0, 0.0, 0.0, 0.0, 0.0, 0.0, 0.0, 0.0, 0.0, 0.0, 0.0, 0.0, 0.0, 0.0, 0.0, 0.0, 0.0, 0.0, 0.0, 0.0, 0.0, 0.0, 0.0, 0.0, 0.0, 0.0, 0.0, 0.0, 0.0, 0.0]}, {"centroid": [0.20589773995535715, 0.7918792517006802, 0.6816580636160714], "volume": 896, "max_distance": 92.91393867445294, "n2": [0.001953125, 0.01407623291015625, 0.021636962890625, 0.02745819091796875, 0.04515838623046875, 0.05619049072265625, 0.0616455078125, 0.06960296630859375, 0.0648040771484375, 0.0997314453125, 0.08110809326171875, 0.08043670654296875, 0.0573883056640625, 0.05077362060546875, 0.04448699951171875, 0.0410919189453125, 0.03569793701171875, 0.03072357177734375, 0.02704620361328125, 0.02490997314453125, 0.02046966552734375, 0.0170440673828125, 0.01263427734375, 0.0081024169921875, 0.0042266845703125, 0.00136566162109375, 0.00023651123046875, 0.0, 0.0, 0.0, 0.0, 0.0, 0.0, 0.0, 0.0, 0.0, 0.0, 0.0, 0.0, 0.0, 0.0, 0.0, 0.0, 0.0, 0.0, 0.0, 0.0, 0.0, 0.0, 0.0, 0.0, 0.0, 0.0, 0.0, 0.0, 0.0, 0.0, 0.0, 0.0, 0.0, 0.0, 0.0, 0.0, 0.0, 0.0, 0.0, 0.0, 0.0, 0.0, 0.0, 0.0, 0.0, 0.0, 0.0, 0.0, 0.0, 0.0, 0.0, 0.0, 0.0, 0.0, 0.0, 0.0, 0.0, 0.0, 0.0, 0.0, 0.0, 0.0, 0.0, 0.0, 0.0, 0.0, 0.0, 0.0, 0.0, 0.0, 0.0, 0.0, 0.0, 0.0, 0.0, 0.0, 0.0, 0.0, 0.0, 0.0, 0.0, 0.0, 0.0, 0.0, 0.0, 0.0, 0.0, 0.0, 0.0, 0.0, 0.0, 0.0, 0.0]}, {"centroid": [0.9140625, 0.6190476190476191, 0.5078125], "volume": 144, "max_distance": 92.91393867445294, "n2": [0.008064516129032258, 0.07023933402705515, 0.10718002081165452, 0.12460978147762747, 0.14386056191467222, 0.11316337148803329, 0.08506763787721124, 0.07622268470343392, 0.046826222684703434, 0.07075962539021852, 0.050468262226847034, 0.043444328824141516, 0.01951092611862643, 0.021852237252861603, 0.018730489073881373, 0.0, 0.0, 0.0, 0.0, 0.0, 0.0, 0.0, 0.0, 0.0, 0.0, 0.0, 0.0, 0.0, 0.0, 0.0, 0.0, 0.0, 0.0, 0.0, 0.0, 0.0, 0.0, 0.0, 0.0, 0.0, 0.0, 0.0, 0.0, 0.0, 0.0, 0.0, 0.0, 0.0, 0.0, 0.0, 0.0, 0.0, 0.0, 0.0, 0.0, 0.0, 0.0, 0.0, 0.0, 0.0, 0.0, 0.0, 0.0, 0.0, 0.0, 0.0, 0.0, 0.0, 0.0, 0.0, 0.0, 0.0, 0.0, 0.0, 0.0, 0.0, 0.0, 0.0, 0.0, 0.0, 0.0, 0.0, 0.0, 0.0, 0.0, 0.0, 0.0, 0.0, 0.0, 0.0, 0.0, 0.0, 0.0, 0.0, 0.0, 0.0, 0.0, 0.0, 0.0, 0.0, 0.0, 0.0, 0.0, 0.0, 0.0, 0.0, 0.0, 0.0, 0.0, 0.0, 0.0, 0.0, 0.0, 0.0, 0.0, 0.0, 0.0, 0.0, 0.0, 0.0]}, {"centroid": [0.5078125, 0.7938457938457939, 0.15317874692874692], "volume": 814, "max_distance": 92.91393867445294, "n2": [0.001953125, 0.01576995849609375, 0.02368927001953125, 0.02825164794921875, 0.05084991455078125, 0.06043243408203125, 0.06877899169921875, 0.077850341796875, 0.0654296875, 0.10088348388671875, 0.07221221923828125, 0.07171630859375, 0.0521697998046875, 0.04559326171875, 0.04522705078125, 0.038543701171875, 0.03347015380859375, 0.027130126953125, 0.0286712646484375, 0.02429962158203125, 0.020050048828125, 0.01580047607421875, 0.01226806640625, 0.00926971435546875, 0.00666046142578125, 0.00275421142578125, 0.000274658203125, 0.0, 0.0, 0.0, 0.0, 0.0, 0.0, 0.0, 0.0, 0.0, 0.0, 0.0, 0.0, 0.0, 0.0, 0.0, 0.0, 0.0, 0.0, 0.0, 0.0, 0.0, 0.0, 0.0, 0.0, 0.0, 0.0, 0.0, 0.0, 0.0, 0.0, 0.0, 0.0, 0.0, 0.0, 0.0, 0.0, 0.0, 0.0, 0.0, 0.0, 0.0, 0.0, 0.0, 0.0, 0.0, 0.0, 0.0, 0.0, 0.0, 0.0, 0.0, 0.0, 0.0, 0.0, 0.0, 0.0, 0.0, 0.0, 0.0, 0.0, 0.0, 0.0, 0.0, 0.0, 0.0, 0.0, 0.0, 0.0, 0.0, 0.0, 0.0, 0.0, 0.0, 0.0, 0.0, 0.0, 0.0, 0.0, 0.0, 0.0, 0.0, 0.0, 0.0, 0.0, 0.0, 0.0, 0.0, 0.0, 0.0, 0.0, 0.0, 0.0, 0.0]}, {"centroid": [0.8093958102108768, 0.79250568151789, 0.6816904827968924], "volume": 901, "max_distance": 92.91393867445294, "n2": [0.001953125, 0.01412200927734375, 0.02156829833984375, 0.02710723876953125, 0.0442352294921875, 0.0561981201171875, 0.06139373779296875, 0.0691986083984375, 0.06459808349609375, 0.10021209716796875, 0.0820770263671875, 0.0818939208984375, 0.0585174560546875, 0.0511322021484375, 0.0443267822265625, 0.0407257080078125, 0.03566741943359375, 0.0305023193359375, 0.027130126953125, 0.02474212646484375, 0.020233154296875, 0.01663970947265625, 0.01235198974609375, 0.00787353515625, 0.00408172607421875, 0.00130462646484375, 0.000213623046875, 0.0, 0.0, 0.0, 0.0, 0.0, 0.0, 0.0, 0.0, 0.0, 0.0, 0.0, 0.0, 0.0, 0.0, 0.0, 0.0, 0.0, 0.0, 0.0, 0.0, 0.0, 0.0, 0.0, 0.0, 0.0, 0.0, 0.0, 0.0, 0.0, 0.0, 0.0, 0.0, 0.0, 0.0, 0.0, 0.0, 0.0, 0.0, 0.0, 0.0, 0.0, 0.0, 0.0, 0.0, 0.0, 0.0, 0.0, 0.0, 0.0, 0.0, 0.0, 0.0, 0.0, 0.0, 0.0, 0.0, 0.0, 0.0, 0.0, 0.0, 0.0, 0.0, 0.0, 0.0, 0.0, 0.0, 0.0, 0.0, 0.0, 0.0, 0.0, 0.0, 0.0, 0.0, 0.0, 0.0, 0.0, 0.0, 0.0, 0.0, 0.0, 0.0, 0.0, 0.0, 0.0, 0.0, 0.0, 0.0, 0.0, 0.0, 0.0, 0.0, 0.0]}],