{"centroid": [0.5452308362369338, 0.5434233449477353, 0.44281835256968644], "volume": 4592, "max_distance": 65.54387843269576, "cavity_codes": [], "n2": [0.001953125, 0.00081634521484375, 0.00232696533203125, 0.00139617919921875, 0.00516510009765625, 0.008819580078125, 0.00748443603515625, 0.00887298583984375, 0.00695037841796875, 0.0140380859375, 0.013885498046875, 0.013427734375, 0.01470184326171875, 0.01641845703125, 0.01904296875, 0.01959991455078125, 0.0263214111328125, 0.02231597900390625, 0.03093719482421875, 0.01982879638671875, 0.0216522216796875, 0.014068603515625, 0.02024078369140625, 0.01833343505859375, 0.0198974609375, 0.01438140869140625, 0.01490020751953125, 0.0157318115234375, 0.01322174072265625, 0.018341064453125, 0.01416015625, 0.01483917236328125, 0.01297760009765625, 0.01657867431640625, 0.01284027099609375, 0.01358795166015625, 0.01300048828125, 0.01334381103515625, 0.014801025390625, 0.0093841552734375, 0.0148468017578125, 0.00887298583984375, 0.01486968994140625, 0.010040283203125, 0.01367950439453125, 0.01184844970703125, 0.00923919677734375, 0.0116729736328125, 0.01045989990234375, 0.0111083984375, 0.0101318359375, 0.00988006591796875, 0.00838470458984375, 0.01123809814453125, 0.0082855224609375, 0.01215362548828125, 0.0090789794921875, 0.00894927978515625, 0.0081939697265625, 0.00698089599609375, 0.0116119384765625, 0.00720977783203125, 0.009674072265625, 0.00557708740234375, 0.00789642333984375, 0.00637054443359375, 0.009674072265625, 0.0080108642578125, 0.00728607177734375, 0.00640869140625, 0.00547027587890625, 0.0077667236328125, 0.00600433349609375, 0.00753021240234375, 0.0047607421875, 0.0063629150390625, 0.0038299560546875, 0.006866455078125, 0.00527191162109375, 0.006744384765625, 0.00449371337890625, 0.00463104248046875, 0.00408172607421875, 0.0039825439453125, 0.00611114501953125, 0.00339508056640625, 0.00475311279296875, 0.00206756591796875, 0.00463104248046875, 0.002227783203125, 0.004058837890625, 0.00264739990234375, 0.00255584716796875, 0.0031890869140625, 0.00171661376953125, 0.00389862060546875, 0.001007080078125, 0.0042266845703125, 0.00087738037109375, 0.00305938720703125, 0.0015411376953125, 0.00228118896484375, 0.002410888671875, 0.00141143798828125, 0.00203704833984375, 0.00051116943359375, 0.0023345947265625, 0.00020599365234375, 0.0027618408203125, 0.0005035400390625, 0.001251220703125, 0.00099945068359375, 0.00063323974609375, 0.00119781494140625, 0.000244140625, 0.0012359619140625, 0.0, 0.0, 0.0, 0.0]}