{"centroid": [0.5138523982753975, 0.5294900296416061, 0.5032913731377757], "volume": 3711, "max_distance": 66.34003316248794, "cavity_codes": [{"centroid": [0.512689393939394, 0.5344696969696969, 0.43376623376623374], "volume": 495, "max_distance": 66.34003316248794, "n2": [0.0025252525252525255, 0.00984593408835833, 0.011669727578818487, 0.012575247423732273, 0.036016732986429954, 0.05239261299867361, 0.03338945005611672, 0.03613151719212325, 0.030456075910621366, 0.05255841240689726, 0.021286093255790225, 0.03924344454647485, 0.027280379553106825, 0.02896388123660851, 0.0281986531986532, 0.022382920110192838, 0.030966227935924906, 0.015814712784409754, 0.03657790021426385, 0.01525354555657586, 0.026910519334761757, 0.01626109580655035, 0.024423528211407, 0.023696561575349454, 0.012970615243342516, 0.028377206407509438, 0.005828486889092949, 0.028440975410672382, 0.010381593714927048, 0.023148148148148147, 0.013621059075604531, 0.015903989388837875, 0.018824609733700644, 0.008264462809917356, 0.022421181512090604, 0.003137434955616774, 0.023415977961432508, 0.0017982858891949802, 0.02115855524946434, 0.00890215284154678, 0.011605958575655545, 0.01525354555657586, 0.0034690337720640753, 0.014832670135700438, 0.0021043771043771043, 0.015151515151515152, 0.0, 0.01336598306295276, 0.005012243648607285, 0.006568207325783083, 0.008085909601061116, 0.0017090092847668605, 0.007805325987144169, 0.00020406081012141618, 0.006223854708703193, 0.0, 0.004438322620140802, 0.0014029180695847362, 0.0013519028670543822, 0.0, 0.0, 0.0, 0.0, 0.0, 0.0, 0.0, 0.0, 0.0, 0.0, 0.0, 0.0, 0.0, 0.0, 0.0, 0.0, 0.0, 0.0, 0.0, 0.0, 0.0, 0.0, 0.0, 0.0, 0.0, 0.0, 0.0, 0.0, 0.0, 0.0, 0.0, 0.0, 0.0, 0.0, 0.0, 0.0, 0.0, 0.0, 0.0, 0.0, 0.0, 0.0, 0.0, 0.0, 0.0, 0.0, 0.0, 0.0, 0.0, 0.0, 0.0, 0.0, 0.0, 0.0, 0.0, 0.0, 0.0, 0.0, 0.0, 0.0, 0.0]}], "n2": [0.001953125, 0.0006866455078125, 0.002227783203125, 0.00250244140625, 0.00534820556640625, 0.009063720703125, 0.00677490234375, 0.010772705078125, 0.0102386474609375, 0.020477294921875, 0.0140380859375, 0.01888275146484375, 0.01685333251953125, 0.01822662353515625, 0.0197601318359375, 0.018463134765625, 0.0185546875, 0.01981353759765625, 0.0218353271484375, 0.018707275390625, 0.01866912841796875, 0.01709747314453125, 0.01770782470703125, 0.01799774169921875, 0.0158538818359375, 0.01703643798828125, 0.0132598876953125, 0.01538848876953125, 0.0137939453125, 0.01483154296875, 0.01380157470703125, 0.0124359130859375, 0.013671875, 0.01273345947265625, 0.014068603515625, 0.01032257080078125, 0.01459503173828125, 0.00975799560546875, 0.01354217529296875, 0.0109710693359375, 0.01282501220703125, 0.0116424560546875, 0.010284423828125, 0.0110626220703125, 0.01015472412109375, 0.012725830078125, 0.0074615478515625, 0.01311492919921875, 0.0084075927734375, 0.01136016845703125, 0.0100250244140625, 0.00948333740234375, 0.01049041748046875, 0.00763702392578125, 0.01068878173828125, 0.00682830810546875, 0.011566162109375, 0.007568359375, 0.009735107421875, 0.0083160400390625, 0.00827789306640625, 0.00946044921875, 0.0066375732421875, 0.0097198486328125, 0.00550079345703125, 0.01016998291015625, 0.00542449951171875, 0.009521484375, 0.0069427490234375, 0.007568359375, 0.0070648193359375, 0.00605010986328125, 0.008331298828125, 0.00475311279296875, 0.00847625732421875, 0.00411224365234375, 0.0083770751953125, 0.00557708740234375, 0.0062103271484375, 0.00601959228515625, 0.0052337646484375, 0.00649261474609375, 0.00373077392578125, 0.007232666015625, 0.0028533935546875, 0.007110595703125, 0.00417327880859375, 0.00543212890625, 0.00457000732421875, 0.0045013427734375, 0.00514984130859375, 0.00325775146484375, 0.00537872314453125, 0.00231170654296875, 0.0057830810546875, 0.00251007080078125, 0.004425048828125, 0.00318145751953125, 0.0031280517578125, 0.0035247802734375, 0.00211334228515625, 0.0034332275390625, 0.00147247314453125, 0.00315093994140625, 0.0013580322265625, 0.00243377685546875, 0.001434326171875, 0.001434326171875, 0.00145721435546875, 0.00066375732421875, 0.0011749267578125, 0.00031280517578125, 0.00080108642578125, 0.0001220703125, 0.0003662109375, 0.0, 0.0, 0.0, 0.0, 0.0]}