{"centroid": [0.5078125, 0.5078125, 0.5192307692307693], "volume": 106496, "max_distance": 94.17005893594843, "cavity_codes": [{"centroid": [0.5071905998934252, 0.51795824622889, 0.552841260231816], "volume": 24396, "max_distance": 94.17005893594843, "n2": [0.001953125, 0.00078582763671875, 0.00135040283203125, 0.0016937255859375, 0.004608154296875, 0.00476837158203125, 0.00664520263671875, 0.00572967529296875, 0.00730133056640625, 0.00911712646484375, 0.01085662841796875, 0.0088958740234375, 0.0135345458984375, 0.0113983154296875, 0.0157928466796875, 0.01517486572265625, 0.0151214599609375, 0.0178680419921875, 0.01844024658203125, 0.0195465087890625, 0.01969146728515625, 0.02106475830078125, 0.020111083984375, 0.02243804931640625, 0.021728515625, 0.02523040771484375, 0.0232391357421875, 0.0255584716796875, 0.0268402099609375, 0.02883148193359375, 0.025970458984375, 0.03079986572265625, 0.03521728515625, 0.03380584716796875, 0.033721923828125, 0.03304290771484375, 0.032562255859375, 0.035980224609375, 0.0323486328125, 0.02823638916015625, 0.02796173095703125, 0.02394866943359375, 0.02117919921875, 0.02132415771484375, 0.01904296875, 0.01839447021484375, 0.016204833984375, 0.0149078369140625, 0.0125579833984375, 0.01090240478515625, 0.0095672607421875, 0.00899505615234375, 0.00829315185546875, 0.00676727294921875, 0.0057220458984375, 0.004852294921875, 0.00421905517578125, 0.00396728515625, 0.00402069091796875, 0.0039520263671875, 0.0024871826171875, 0.00141143798828125, 0.0009918212890625, 0.00064849853515625, 0.00042724609375, 0.00019073486328125, 5.340576171875e-05, 7.62939453125e-06, 0.0, 0.0, 0.0, 0.0, 0.0, 0.0, 0.0, 0.0, 0.0, 0.0, 0.0, 0.0, 0.0, 0.0, 0.0, 0.0, 0.0, 0.0, 0.0, 0.0, 0.0, 0.0, 0.0, 0.0, 0.0, 0.0, 0.0, 0.0, 0.0, 0.0, 0.0, 0.0, 0.0, 0.0, 0.0, 0.0, 0.0, 0.0, 0.0, 0.0, 0.0, 0.0, 0.0, 0.0, 0.0, 0.0, 0.0, 0.0, 0.0, 0.0, 0.0, 0.0]}, {"centroid": [0.31277901785714285, 0.37109375, 0.6929945054945055], "volume": 56, "max_distance": 94.17005893594843, "n2": [0.017857142857142856, 0.039540816326530615, 0.051658163265306124, 0.07270408163265306, 0.04081632653061224, 0.06887755102040816, 0.09948979591836735, 0.07653061224489796, 0.06058673469387755, 0.11926020408163265, 0.07079081632653061, 0.06313775510204081, 0.046556122448979595, 0.03380102040816327, 0.04081632653061224, 0.03316326530612245, 0.019770408163265307, 0.018494897959183673, 0.010841836734693877, 0.005739795918367347, 0.006377551020408163, 0.002551020408163265, 0.0006377551020408163, 0.0, 0.0, 0.0, 0.0, 0.0, 0.0, 0.0, 0.0, 0.0, 0.0, 0.0, 0.0, 0.0, 0.0, 0.0, 0.0, 0.0, 0.0, 0.0, 0.0, 0.0, 0.0, 0.0, 0.0, 0.0, 0.0, 0.0, 0.0, 0.0, 0.0, 0.0, 0.0, 0.0, 0.0, 0.0, 0.0, 0.0, 0.0, 0.0, 0.0, 0.0, 0.0, 0.0, 0.0, 0.0, 0.0, 0.0, 0.0, 0.0, 0.0, 0.0, 0.0, 0.0, 0.0, 0.0, 0.0, 0.0, 0.0, 0.0, 0.0, 0.0, 0.0, 0.0, 0.0, 0.0, 0.0, 0.0, 0.0, 0.0, 0.0, 0.0, 0.0, 0.0, 0.0, 0.0, 0.0, 0.0, 0.0, 0.0, 0.0, 0.0, 0.0, 0.0, 0.0, 0.0, 0.0, 0.0, 0.0, 0.0, 0.0, 0.0, 0.0, 0.0, 0.0, 0.0, 0.0, 0.0]}], "n2": [0.001953125, 0.000213623046875, 0.0007476806640625, 0.00167083740234375, 0.00084686279296875, 0.00081634521484375, 0.00162506103515625, 0.0023193359375, 0.00069427490234375, 0.002593994140625, 0.0028839111328125, 0.00513458251953125, 0.00310516357421875, 0.00521087646484375, 0.00235748291015625, 0.00594329833984375, 0.0024871826171875, 0.00677490234375, 0.008148193359375, 0.0072174072265625, 0.006805419921875, 0.00505828857421875, 0.007843017578125, 0.0079345703125, 0.00769805908203125, 0.00807952880859375, 0.00818634033203125, 0.009552001953125, 0.00818634033203125, 0.01145172119140625, 0.0074310302734375, 0.01020050048828125, 0.01592254638671875, 0.012115478515625, 0.01769256591796875, 0.01584625244140625, 0.016326904296875, 0.01485443115234375, 0.01598358154296875, 0.01403045654296875, 0.0135955810546875, 0.015289306640625, 0.01464080810546875, 0.015777587890625, 0.01718902587890625, 0.01503753662109375, 0.01247406005859375, 0.017913818359375, 0.0135955810546875, 0.01523590087890625, 0.01396942138671875, 0.0167236328125, 0.01612091064453125, 0.016357421875, 0.01563262939453125, 0.0150604248046875, 0.0123748779296875, 0.0162353515625, 0.01544189453125, 0.0147552490234375, 0.0138397216796875, 0.01343536376953125, 0.01457977294921875, 0.0149993896484375, 0.0124359130859375, 0.01508331298828125, 0.0141754150390625, 0.0137176513671875, 0.013153076171875, 0.01309967041015625, 0.013397216796875, 0.01348876953125, 0.01336669921875, 0.01161956787109375, 0.01248931884765625, 0.01268768310546875, 0.01163482666015625, 0.0106658935546875, 0.01204681396484375, 0.0114593505859375, 0.01569366455078125, 0.01683807373046875, 0.01441192626953125, 0.012359619140625, 0.00992584228515625, 0.00860595703125, 0.0089111328125, 0.00707244873046875, 0.0067291259765625, 0.00586700439453125, 0.0054473876953125, 0.0047149658203125, 0.0035858154296875, 0.00385284423828125, 0.0030975341796875, 0.0031280517578125, 0.002777099609375, 0.00254058837890625, 0.00246429443359375, 0.001953125, 0.0020599365234375, 0.001617431640625, 0.001434326171875, 0.001190185546875, 0.0010986328125, 0.00083160400390625, 0.00069427490234375, 0.00052642822265625, 0.00057220458984375, 0.0004425048828125, 0.00026702880859375, 0.00026702880859375, 9.1552734375e-05, 9.918212890625e-05, 3.0517578125e-05, 3.0517578125e-05, 3.0517578125e-05, 0.0, 0.0, 0.0]}