{"centroid": [0.5077766087085169, 0.5060976378466606, 0.5024542343450703], "volume": 64213, "max_distance": 92.91393867445294, "cavity_codes": [{"centroid": [0.2077912895927602, 0.7929325576384398, 0.6813136312217195], "volume": 884, "max_distance": 92.91393867445294, "n2": [0.001953125, 0.0143585205078125, 0.02199554443359375, 0.02777862548828125, 0.0457000732421875, 0.0573272705078125, 0.06275177001953125, 0.07028961181640625, 0.06552886962890625, 0.1011810302734375, 0.0821075439453125, 0.08103179931640625, 0.05803680419921875, 0.05092620849609375, 0.0446319580078125, 0.04100799560546875, 0.03522491455078125, 0.030181884765625, 0.02611541748046875, 0.0238494873046875, 0.01934051513671875, 0.0154571533203125, 0.011322021484375, 0.00684356689453125, 0.00357818603515625, 0.0012664794921875, 0.000213623046875, 0.0, 0.0, 0.0, 0.0, 0.0, 0.0, 0.0, 0.0, 0.0, 0.0, 0.0, 0.0, 0.0, 0.0, 0.0, 0.0, 0.0, 0.0, 0.0, 0.0, 0.0, 0.0, 0.0, 0.0, 0.0, 0.0, 0.0, 0.0, 0.0, 0.0, 0.0, 0.0, 0.0, 0.0, 0.0, 0.0, 0.0, 0.0, 0.0, 0.0, 0.0, 0.0, 0.0, 0.0, 0.0, 0.0, 0.0, 0.0, 0.0, 0.0, 0.0, 0.0, 0.0, 0.0, 0.0, 0.0, 0.0, 0.0, 0.0, 0.0, 0.0, 0.0, 0.0, 0.0, 0.0, 0.0, 0.0, 0.0, 0.0, 0.0, 0.0, 0.0, 0.0, 0.0, 0.0, 0.0, 0.0, 0.0, 0.0, 0.0, 0.0, 0.0, 0.0, 0.0, 0.0, 0.0, 0.0, 0.0, 0.0, 0.0, 0.0, 0.0, 0.0]}, {"centroid": [0.5078125, 0.6293543574371399, 0.4051092267893073], "volume": 6958, "max_distance": 92.91393867445294, "n2": [0.001953125, 0.0016326904296875, 0.003387451171875, 0.00438690185546875, 0.0079498291015625, 0.009033203125, 0.01120758056640625, 0.01328277587890625, 0.0126190185546875, 0.02004241943359375, 0.02001953125, 0.02674102783203125, 0.0268402099609375, 0.0247039794921875, 0.03075408935546875, 0.02901458740234375, 0.03084564208984375, 0.02716064453125, 0.0260467529296875, 0.02591705322265625, 0.02449798583984375, 0.025634765625, 0.02423858642578125, 0.02487945556640625, 0.0234832763671875, 0.0233306884765625, 0.023040771484375, 0.02300262451171875, 0.02082061767578125, 0.0226593017578125, 0.02062225341796875, 0.0209197998046875, 0.02136993408203125, 0.02104949951171875, 0.01972198486328125, 0.0189361572265625, 0.0195465087890625, 0.01827239990234375, 0.01816558837890625, 0.0171356201171875, 0.01778411865234375, 0.01694488525390625, 0.0168304443359375, 0.0147705078125, 0.01485443115234375, 0.0131988525390625, 0.0129852294921875, 0.01227569580078125, 0.00972747802734375, 0.01065826416015625, 0.0084991455078125, 0.00765228271484375, 0.00624847412109375, 0.0070037841796875, 0.0057830810546875, 0.0055389404296875, 0.00476837158203125, 0.0044403076171875, 0.00458526611328125, 0.00373077392578125, 0.00334930419921875, 0.00275421142578125, 0.00284576416015625, 0.0027618408203125, 0.0020904541015625, 0.00177764892578125, 0.00119781494140625, 7.62939453125e-05, 0.0, 0.0, 0.0, 0.0, 0.0, 0.0, 0.0, 0.0, 0.0, 0.0, 0.0, 0.0, 0.0, 0.0, 0.0, 0.0, 0.0, 0.0, 0.0, 0.0, 0.0, 0.0, 0.0, 0.0, 0.0, 0.0, 0.0, 0.0, 0.0, 0.0, 0.0, 0.0, 0.0, 0.0, 0.0, 0.0, 0.0, 0.0, 0.0, 0.0, 0.0, 0.0, 0.0, 0.0, 0.0, 0.0, 0.0, 0.0, 0.0, 0.0, 0.0, 0.0]}, {"centroid": [0.9140625, 0.6190476190476191, 0.5078125], "volume": 144, "max_distance": 92.91393867445294, "n2": [0.008064516129032258, 0.07023933402705515, 0.10718002081165452, 0.12460978147762747, 0.14386056191467222, 0.11316337148803329, 0.08506763787721124, 0.07622268470343392, 0.046826222684703434, 0.07075962539021852, 0.050468262226847034, 0.043444328824141516, 0.01951092611862643, 0.021852237252861603, 0.018730489073881373, 0.0, 0.0, 0.0, 0.0, 0.0, 0.0, 0.0, 0.0, 0.0, 0.0, 0.0, 0.0, 0.0, 0.0, 0.0, 0.0, 0.0, 0.0, 0.0, 0.0, 0.0, 0.0, 0.0, 0.0, 0.0, 0.0, 0.0, 0.0, 0.0, 0.0, 0.0, 0.0, 0.0, 0.0, 0.0, 0.0, 0.0, 0.0, 0.0, 0.0, 0.0, 0.0, 0.0, 0.0, 0.0, 0.0, 0.0, 0.0, 0.0, 0.0, 0.0, 0.0, 0.0, 0.0, 0.0, 0.0, 0.0, 0.0, 0.0, 0.0, 0.0, 0.0, 0.0, 0.0, 0.0, 0.0, 0.0, 0.0, 0.0, 0.0, 0.0, 0.0, 0.0, 0.0, 0.0, 0.0, 0.0, 0.0, 0.0, 0.0, 0.0, 0.0, 0.0, 0.0, 0.0, 0.0, 0.0, 0.0, 0.0, 0.0, 0.0, 0.0, 0.0, 0.0, 0.0, 0.0, 0.0, 0.0, 0.0, 0.0, 0.0, 0.0, 0.0, 0.0, 0.0]}, {"centroid": [0.8075084364454443, 0.7935615190958272, 0.6813484251968503], "volume": 889, "max_distance": 92.91393867445294, "n2": [0.001953125, 0.01438140869140625, 0.02198028564453125, 0.0276641845703125, 0.04509735107421875, 0.05660247802734375, 0.06198883056640625, 0.07032012939453125, 0.065338134765625, 0.1015167236328125, 0.08278656005859375, 0.08148193359375, 0.05841827392578125, 0.0509490966796875, 0.04437255859375, 0.04059600830078125, 0.03513336181640625, 0.0306396484375, 0.0261077880859375, 0.024169921875, 0.01970672607421875, 0.01575469970703125, 0.0113372802734375, 0.00673675537109375, 0.00347900390625, 0.0012664794921875, 0.00022125244140625, 0.0, 0.0, 0.0, 0.0, 0.0, 0.0, 0.0, 0.0, 0.0, 0.0, 0.0, 0.0, 0.0, 0.0, 0.0, 0.0, 0.0, 0.0, 0.0, 0.0, 0.0, 0.0, 0.0, 0.0, 0.0, 0.0, 0.0, 0.0, 0.0, 0.0, 0.0, 0.0, 0.0, 0.0, 0.0, 0.0, 0.0, 0.0, 0.0, 0.0, 0.0, 0.0, 0.0, 0.0, 0.0, 0.0, 0.0, 0.0, 0.0, 0.0, 0.0, 0.0, 0.0, 0.0, 0.0, 0.0, 0.0, 0.0, 0.0, 0.0, 0.0, 0.0, 0.0, 0.0, 0.0, 0.0, 0.0, 0.0, 0.0, 0.0, 0.0, 0.0, 0.0, 0.0, 0.0, 0.0, 0.0, 0.0, 0.0, 0.0, 0.0, 0.0, 0.0, 0.0, 0.0, 0.0, 0.0, 0.0, 0.0, 0.0, 0.0, 0.0, 0.0]}], "n2": [0.001953125, 0.0002593994140625, 0.0007781982421875, 0.000732421875, 0.00142669677734375, 0.00214385986328125, 0.00228118896484375, 0.0027313232421875, 0.0024261474609375, 0.00428009033203125, 0.00434112548828125, 0.005126953125, 0.00551605224609375, 0.00588226318359375, 0.006683349609375, 0.00682830810546875, 0.00732421875, 0.008087158203125, 0.00843048095703125, 0.009307861328125, 0.010101318359375, 0.01117706298828125, 0.01123809814453125, 0.01143646240234375, 0.0128936767578125, 0.012969970703125, 0.01786041259765625, 0.0184326171875, 0.01810455322265625, 0.0172576904296875, 0.01726531982421875, 0.01930999755859375, 0.0186614990234375, 0.0196533203125, 0.01862335205078125, 0.018310546875, 0.01929473876953125, 0.01985931396484375, 0.0204010009765625, 0.0191802978515625, 0.01885223388671875, 0.02004241943359375, 0.0190582275390625, 0.0182647705078125, 0.01863861083984375, 0.018402099609375, 0.0181121826171875, 0.0191650390625, 0.01618194580078125, 0.018646240234375, 0.0170745849609375, 0.0167083740234375, 0.0161590576171875, 0.01678466796875, 0.01611328125, 0.01583099365234375, 0.015228271484375, 0.01441192626953125, 0.01486968994140625, 0.01427459716796875, 0.01404571533203125, 0.0134429931640625, 0.01425933837890625, 0.013214111328125, 0.01293182373046875, 0.0120849609375, 0.0124053955078125, 0.01174163818359375, 0.0110626220703125, 0.01029205322265625, 0.0098114013671875, 0.0096282958984375, 0.009552001953125, 0.009613037109375, 0.00914764404296875, 0.00901031494140625, 0.00801849365234375, 0.00792694091796875, 0.007720947265625, 0.00714874267578125, 0.00772857666015625, 0.00787353515625, 0.0059814453125, 0.00274658203125, 0.00098419189453125, 0.00020599365234375, 3.0517578125e-05, 0.0, 0.0, 0.0, 0.0, 0.0, 0.0, 0.0, 0.0, 0.0, 0.0, 0.0, 0.0, 0.0, 0.0, 0.0, 0.0, 0.0, 0.0, 0.0, 0.0, 0.0, 0.0, 0.0, 0.0, 0.0, 0.0, 0.0, 0.0, 0.0, 0.0, 0.0, 0.0, 0.0]}