{"centroid": [0.5078125, 0.5714285714285714, 0.5833333333333334], "volume": 2688, "max_distance": 64.66065264130884, "cavity_codes": [], "n2": [0.001953125, 0.0019989013671875, 0.0031585693359375, 0.00112152099609375, 0.006927490234375, 0.0138092041015625, 0.0089874267578125, 0.01096343994140625, 0.0076446533203125, 0.02722930908203125, 0.02034759521484375, 0.0220489501953125, 0.0194244384765625, 0.0268402099609375, 0.0199432373046875, 0.0173492431640625, 0.017059326171875, 0.018951416015625, 0.01369476318359375, 0.01575469970703125, 0.01703643798828125, 0.01163482666015625, 0.0169677734375, 0.01143646240234375, 0.01799774169921875, 0.01251983642578125, 0.014801025390625, 0.01239013671875, 0.0133819580078125, 0.01586151123046875, 0.00937652587890625, 0.01563262939453125, 0.0102081298828125, 0.015289306640625, 0.0087127685546875, 0.01425933837890625, 0.00928497314453125, 0.01369476318359375, 0.009765625, 0.01250457763671875, 0.01325225830078125, 0.009796142578125, 0.0109100341796875, 0.01103973388671875, 0.01151275634765625, 0.00974273681640625, 0.01088714599609375, 0.0094757080078125, 0.01113128662109375, 0.00765228271484375, 0.0126190185546875, 0.00830078125, 0.0106964111328125, 0.0096282958984375, 0.00933837890625, 0.00853729248046875, 0.00949859619140625, 0.0078887939453125, 0.0084686279296875, 0.0091552734375, 0.00710296630859375, 0.01052093505859375, 0.0048065185546875, 0.01079559326171875, 0.00572967529296875, 0.0105743408203125, 0.00484466552734375, 0.00998687744140625, 0.00626373291015625, 0.00766754150390625, 0.00634765625, 0.0066375732421875, 0.00878143310546875, 0.00360870361328125, 0.0092315673828125, 0.0026702880859375, 0.01042938232421875, 0.002593994140625, 0.00893402099609375, 0.0038299560546875, 0.00707244873046875, 0.00478363037109375, 0.00537872314453125, 0.0052642822265625, 0.0042266845703125, 0.00695037841796875, 0.00228118896484375, 0.0074920654296875, 0.0012359619140625, 0.0080108642578125, 0.00145721435546875, 0.00647735595703125, 0.00295257568359375, 0.0042724609375, 0.0035858154296875, 0.0033111572265625, 0.00464630126953125, 0.00176239013671875, 0.00504302978515625, 0.00087738037109375, 0.00510406494140625, 0.0002288818359375, 0.00504302978515625, 0.00101470947265625, 0.00359344482421875, 0.00170135498046875, 0.00238800048828125, 0.00218963623046875, 0.00141143798828125, 0.0024566650390625, 0.00055694580078125, 0.00263214111328125, 0.00011444091796875, 0.00225067138671875, 7.62939453125e-06, 0.00177001953125, 0.000579833984375, 0.0010223388671875, 0.0, 0.0]}