{"centroid": [0.5158891383632108, 0.5158653789039761, 0.4843766705869774], "volume": 9353, "max_distance": 68.87670143089025, "cavity_codes": [{"centroid": [0.5159333122296085, 0.5141922549329956, 0.4252730294396961], "volume": 2106, "max_distance": 68.87670143089025, "n2": [0.001953125, 0.0014190673828125, 0.003662109375, 0.0111541748046875, 0.00580596923828125, 0.01206207275390625, 0.01343536376953125, 0.0229644775390625, 0.0174102783203125, 0.01569366455078125, 0.02515411376953125, 0.0262298583984375, 0.029388427734375, 0.02278900146484375, 0.02625274658203125, 0.01976776123046875, 0.01798248291015625, 0.02252197265625, 0.0153045654296875, 0.019989013671875, 0.01520538330078125, 0.017486572265625, 0.019439697265625, 0.01468658447265625, 0.01563262939453125, 0.01456451416015625, 0.01691436767578125, 0.01398468017578125, 0.0164947509765625, 0.0136871337890625, 0.01415252685546875, 0.015472412109375, 0.01044464111328125, 0.0167999267578125, 0.01102447509765625, 0.01523590087890625, 0.01413726806640625, 0.01019287109375, 0.0145721435546875, 0.00887298583984375, 0.013916015625, 0.012542724609375, 0.01146697998046875, 0.0108795166015625, 0.0110931396484375, 0.01178741455078125, 0.00693511962890625, 0.01522064208984375, 0.00774383544921875, 0.01137542724609375, 0.00931549072265625, 0.00858306884765625, 0.01085662841796875, 0.00481414794921875, 0.0142669677734375, 0.00693511962890625, 0.00963592529296875, 0.0088348388671875, 0.0057525634765625, 0.01203155517578125, 0.0022430419921875, 0.01326751708984375, 0.0055389404296875, 0.00763702392578125, 0.0082855224609375, 0.00400543212890625, 0.01080322265625, 0.00222015380859375, 0.0101165771484375, 0.005157470703125, 0.0054473876953125, 0.00824737548828125, 0.00200653076171875, 0.00922393798828125, 0.0015106201171875, 0.00785064697265625, 0.00493621826171875, 0.00345611572265625, 0.0069427490234375, 0.00110626220703125, 0.00732421875, 0.0018157958984375, 0.0051422119140625, 0.00444793701171875, 0.0017547607421875, 0.0055084228515625, 0.0003662109375, 0.0050811767578125, 0.00162506103515625, 0.0030670166015625, 0.00315093994140625, 0.000701904296875, 0.0035400390625, 0.0, 0.00278472900390625, 0.0015106201171875, 0.0009918212890625, 0.00205230712890625, 3.814697265625e-05, 0.0014190673828125, 0.0, 0.00152587890625, 0.000640869140625, 4.57763671875e-05, 0.0008697509765625, 0.0, 0.0001678466796875, 0.0, 0.00043487548828125, 6.103515625e-05, 0.0, 0.0, 0.0, 0.0, 0.0, 0.0, 0.0, 0.0, 0.0, 0.0]}], "n2": [0.001953125, 0.0001678466796875, 0.000946044921875, 0.00348663330078125, 0.0023345947265625, 0.0052642822265625, 0.00353240966796875, 0.0078582763671875, 0.00738525390625, 0.005340576171875, 0.00844573974609375, 0.0100860595703125, 0.01107025146484375, 0.008819580078125, 0.015655517578125, 0.01184844970703125, 0.014984130859375, 0.01732635498046875, 0.016815185546875, 0.02005767822265625, 0.01930999755859375, 0.0269927978515625, 0.02857208251953125, 0.02059173583984375, 0.01953887939453125, 0.02208709716796875, 0.02088165283203125, 0.01973724365234375, 0.0199127197265625, 0.01706695556640625, 0.01659393310546875, 0.01596832275390625, 0.01546478271484375, 0.016021728515625, 0.01444244384765625, 0.01570892333984375, 0.01517486572265625, 0.0126953125, 0.01494598388671875, 0.0117340087890625, 0.013641357421875, 0.0131072998046875, 0.01305389404296875, 0.01308441162109375, 0.011993408203125, 0.0132904052734375, 0.01041412353515625, 0.01296234130859375, 0.0115509033203125, 0.011322021484375, 0.01202392578125, 0.01070404052734375, 0.01171112060546875, 0.01029205322265625, 0.012847900390625, 0.0100250244140625, 0.01180267333984375, 0.01058197021484375, 0.00921630859375, 0.01012420654296875, 0.0069732666015625, 0.01007080078125, 0.00789642333984375, 0.00730133056640625, 0.00823211669921875, 0.00626373291015625, 0.00791168212890625, 0.006103515625, 0.0068206787109375, 0.00763702392578125, 0.0053863525390625, 0.00707244873046875, 0.00531768798828125, 0.0064849853515625, 0.00594329833984375, 0.00579071044921875, 0.0058746337890625, 0.00555419921875, 0.0052337646484375, 0.00445556640625, 0.0057373046875, 0.0043792724609375, 0.00556182861328125, 0.00464630126953125, 0.00446319580078125, 0.004638671875, 0.0037078857421875, 0.00461578369140625, 0.0033416748046875, 0.0041351318359375, 0.00383758544921875, 0.00339508056640625, 0.0041351318359375, 0.00273895263671875, 0.004150390625, 0.00249481201171875, 0.00299072265625, 0.002593994140625, 0.00202178955078125, 0.0032958984375, 0.00194549560546875, 0.003204345703125, 0.00252532958984375, 0.00197601318359375, 0.00159454345703125, 0.00127410888671875, 0.0016021728515625, 0.00089263916015625, 0.001678466796875, 0.0016021728515625, 0.00179290771484375, 0.0001373291015625, 0.0, 0.0, 0.0, 0.0, 0.0, 0.0, 0.0, 0.0]}