{"centroid": [0.5063642864439678, 0.5076923076923077, 0.46066401062417], "volume": 81575, "max_distance": 88.15327560561774, "cavity_codes": [{"centroid": [0.5032642634118649, 0.5076923076923077, 0.4393603936039361], "volume": 17615, "max_distance": 88.15327560561774, "n2": [0.001953125, 0.00141143798828125, 0.00061798095703125, 0.00324249267578125, 0.003662109375, 0.004241943359375, 0.006561279296875, 0.00586700439453125, 0.0078582763671875, 0.00872802734375, 0.0096435546875, 0.01018524169921875, 0.01280975341796875, 0.01155853271484375, 0.01473236083984375, 0.01507568359375, 0.0160064697265625, 0.0165557861328125, 0.016143798828125, 0.02040863037109375, 0.0229949951171875, 0.02294158935546875, 0.02610015869140625, 0.03482818603515625, 0.03121185302734375, 0.026153564453125, 0.02399444580078125, 0.02260589599609375, 0.02101898193359375, 0.01947021484375, 0.01847076416015625, 0.01862335205078125, 0.0179443359375, 0.01551055908203125, 0.0167694091796875, 0.01555633544921875, 0.01526641845703125, 0.0152435302734375, 0.01482391357421875, 0.0148468017578125, 0.01393890380859375, 0.01256561279296875, 0.0131378173828125, 0.01410675048828125, 0.01277923583984375, 0.01297760009765625, 0.01251220703125, 0.01123046875, 0.01058197021484375, 0.01202392578125, 0.0117034912109375, 0.01065826416015625, 0.009918212890625, 0.0113525390625, 0.01056671142578125, 0.00910186767578125, 0.009185791015625, 0.01025390625, 0.0090789794921875, 0.009368896484375, 0.008758544921875, 0.00847625732421875, 0.00801849365234375, 0.007598876953125, 0.00804901123046875, 0.00823974609375, 0.00749969482421875, 0.0058135986328125, 0.0076904296875, 0.0066680908203125, 0.00649261474609375, 0.005950927734375, 0.006500244140625, 0.00608062744140625, 0.005615234375, 0.00534820556640625, 0.00504302978515625, 0.005096435546875, 0.00457000732421875, 0.00504302978515625, 0.00438690185546875, 0.0040130615234375, 0.00337982177734375, 0.00388336181640625, 0.00373077392578125, 0.0032958984375, 0.0030517578125, 0.00762176513671875, 0.003997802734375, 0.00128173828125, 0.0001220703125, 0.0, 0.0, 0.0, 0.0, 0.0, 0.0, 0.0, 0.0, 0.0, 0.0, 0.0, 0.0, 0.0, 0.0, 0.0, 0.0, 0.0, 0.0, 0.0, 0.0, 0.0, 0.0, 0.0, 0.0, 0.0, 0.0, 0.0, 0.0, 0.0]}], "n2": [0.001953125, 0.00063323974609375, 0.000213623046875, 0.0009002685546875, 0.0013427734375, 0.00144195556640625, 0.00342559814453125, 0.0018768310546875, 0.00220489501953125, 0.0028076171875, 0.00408172607421875, 0.004180908203125, 0.00482940673828125, 0.0057373046875, 0.0044708251953125, 0.0055999755859375, 0.00595855712890625, 0.00672149658203125, 0.00595855712890625, 0.00637054443359375, 0.0079498291015625, 0.0077972412109375, 0.0074005126953125, 0.00838470458984375, 0.0086212158203125, 0.0090484619140625, 0.009552001953125, 0.0110626220703125, 0.01012420654296875, 0.0102386474609375, 0.0113677978515625, 0.01168060302734375, 0.01157379150390625, 0.0117340087890625, 0.013824462890625, 0.01273345947265625, 0.0139923095703125, 0.0139923095703125, 0.0137786865234375, 0.01421356201171875, 0.015106201171875, 0.0149383544921875, 0.0162811279296875, 0.01605987548828125, 0.0172882080078125, 0.0165557861328125, 0.01796722412109375, 0.0198822021484375, 0.0190887451171875, 0.02039337158203125, 0.02227020263671875, 0.02532196044921875, 0.02294921875, 0.02133941650390625, 0.01947021484375, 0.0196533203125, 0.0178375244140625, 0.017120361328125, 0.01717376708984375, 0.01630401611328125, 0.017120361328125, 0.015350341796875, 0.0145416259765625, 0.0128936767578125, 0.01294708251953125, 0.0125732421875, 0.0117645263671875, 0.01125335693359375, 0.011260986328125, 0.0113372802734375, 0.010284423828125, 0.01007843017578125, 0.00957489013671875, 0.0096893310546875, 0.009307861328125, 0.008758544921875, 0.0088958740234375, 0.0078582763671875, 0.00786590576171875, 0.00833892822265625, 0.0077667236328125, 0.007354736328125, 0.0071868896484375, 0.0067291259765625, 0.00688934326171875, 0.00690460205078125, 0.00629425048828125, 0.01094818115234375, 0.0088958740234375, 0.008880615234375, 0.0074462890625, 0.00623321533203125, 0.005279541015625, 0.00420379638671875, 0.00388336181640625, 0.003173828125, 0.002532958984375, 0.0017242431640625, 0.001434326171875, 0.00084686279296875, 0.000457763671875, 0.00025177001953125, 0.0001220703125, 6.866455078125e-05, 1.52587890625e-05, 0.0, 0.0, 0.0, 0.0, 0.0, 0.0, 0.0, 0.0, 0.0, 0.0, 0.0, 0.0, 0.0, 0.0, 0.0]}