{"centroid": [0.5063642864439678, 0.5076923076923077, 0.46066401062417], "volume": 81575, "max_distance": 88.15327560561774, "cavity_codes": [{"centroid": [0.5041998231653404, 0.5076923076923077, 0.4346743295019157], "volume": 7540, "max_distance": 88.15327560561774, "n2": [0.001953125, 0.00186920166015625, 0.00185394287109375, 0.00502777099609375, 0.007476806640625, 0.00817108154296875, 0.00986480712890625, 0.00943756103515625, 0.01338958740234375, 0.0152587890625, 0.01589202880859375, 0.01891326904296875, 0.02398681640625, 0.0218353271484375, 0.03139495849609375, 0.03763580322265625, 0.0299224853515625, 0.02608489990234375, 0.0196990966796875, 0.02178192138671875, 0.02220916748046875, 0.020599365234375, 0.01682281494140625, 0.01964569091796875, 0.0180816650390625, 0.0168609619140625, 0.01804351806640625, 0.01673126220703125, 0.01764678955078125, 0.01596832275390625, 0.01503753662109375, 0.01593780517578125, 0.0154266357421875, 0.012786865234375, 0.0166473388671875, 0.0139007568359375, 0.01316070556640625, 0.01239013671875, 0.014495849609375, 0.01386260986328125, 0.01245880126953125, 0.01153564453125, 0.0128631591796875, 0.01306915283203125, 0.0123291015625, 0.010650634765625, 0.0113525390625, 0.0115966796875, 0.00963592529296875, 0.01171112060546875, 0.01030731201171875, 0.00984954833984375, 0.00868988037109375, 0.01093292236328125, 0.009124755859375, 0.00878143310546875, 0.00864410400390625, 0.009918212890625, 0.00838470458984375, 0.00797271728515625, 0.00783538818359375, 0.0088653564453125, 0.00737762451171875, 0.005645751953125, 0.00787353515625, 0.00783538818359375, 0.00640106201171875, 0.0045623779296875, 0.00730133056640625, 0.0067291259765625, 0.00543212890625, 0.00478363037109375, 0.0054779052734375, 0.0058135986328125, 0.00481414794921875, 0.003753662109375, 0.00510406494140625, 0.00461578369140625, 0.002960205078125, 0.00392913818359375, 0.00384521484375, 0.00318145751953125, 0.00232696533203125, 0.0034332275390625, 0.0027923583984375, 0.00225830078125, 0.0019989013671875, 0.00501251220703125, 0.00052642822265625, 0.0, 0.0, 0.0, 0.0, 0.0, 0.0, 0.0, 0.0, 0.0, 0.0, 0.0, 0.0, 0.0, 0.0, 0.0, 0.0, 0.0, 0.0, 0.0, 0.0, 0.0, 0.0, 0.0, 0.0, 0.0, 0.0, 0.0, 0.0, 0.0, 0.0, 0.0]}], "n2": [0.001953125, 0.00063323974609375, 0.000213623046875, 0.0009002685546875, 0.0013427734375, 0.00144195556640625, 0.00342559814453125, 0.0018768310546875, 0.00220489501953125, 0.0028076171875, 0.00408172607421875, 0.004180908203125, 0.00482940673828125, 0.0057373046875, 0.0044708251953125, 0.0055999755859375, 0.00595855712890625, 0.00672149658203125, 0.00595855712890625, 0.00637054443359375, 0.0079498291015625, 0.0077972412109375, 0.0074005126953125, 0.00838470458984375, 0.0086212158203125, 0.0090484619140625, 0.009552001953125, 0.0110626220703125, 0.01012420654296875, 0.0102386474609375, 0.0113677978515625, 0.01168060302734375, 0.01157379150390625, 0.0117340087890625, 0.013824462890625, 0.01273345947265625, 0.0139923095703125, 0.0139923095703125, 0.0137786865234375, 0.01421356201171875, 0.015106201171875, 0.0149383544921875, 0.0162811279296875, 0.01605987548828125, 0.0172882080078125, 0.0165557861328125, 0.01796722412109375, 0.0198822021484375, 0.0190887451171875, 0.02039337158203125, 0.02227020263671875, 0.02532196044921875, 0.02294921875, 0.02133941650390625, 0.01947021484375, 0.0196533203125, 0.0178375244140625, 0.017120361328125, 0.01717376708984375, 0.01630401611328125, 0.017120361328125, 0.015350341796875, 0.0145416259765625, 0.0128936767578125, 0.01294708251953125, 0.0125732421875, 0.0117645263671875, 0.01125335693359375, 0.011260986328125, 0.0113372802734375, 0.010284423828125, 0.01007843017578125, 0.00957489013671875, 0.0096893310546875, 0.009307861328125, 0.008758544921875, 0.0088958740234375, 0.0078582763671875, 0.00786590576171875, 0.00833892822265625, 0.0077667236328125, 0.007354736328125, 0.0071868896484375, 0.0067291259765625, 0.00688934326171875, 0.00690460205078125, 0.00629425048828125, 0.01094818115234375, 0.0088958740234375, 0.008880615234375, 0.0074462890625, 0.00623321533203125, 0.005279541015625, 0.00420379638671875, 0.00388336181640625, 0.003173828125, 0.002532958984375, 0.0017242431640625, 0.001434326171875, 0.00084686279296875, 0.000457763671875, 0.00025177001953125, 0.0001220703125, 6.866455078125e-05, 1.52587890625e-05, 0.0, 0.0, 0.0, 0.0, 0.0, 0.0, 0.0, 0.0, 0.0, 0.0, 0.0, 0.0, 0.0, 0.0, 0.0]}