{"centroid": [0.5063642864439678, 0.5076923076923077, 0.46066401062417], "volume": 81575, "max_distance": 88.15327560561774, "cavity_codes": [], "n2": [0.001953125, 0.00063323974609375, 0.000213623046875, 0.0009002685546875, 0.0013427734375, 0.00144195556640625, 0.00342559814453125, 0.0018768310546875, 0.00220489501953125, 0.0028076171875, 0.00408172607421875, 0.004180908203125, 0.00482940673828125, 0.0057373046875, 0.0044708251953125, 0.0055999755859375, 0.00595855712890625, 0.00672149658203125, 0.00595855712890625, 0.00637054443359375, 0.0079498291015625, 0.0077972412109375, 0.0074005126953125, 0.00838470458984375, 0.0086212158203125, 0.0090484619140625, 0.009552001953125, 0.0110626220703125, 0.01012420654296875, 0.0102386474609375, 0.0113677978515625, 0.01168060302734375, 0.01157379150390625, 0.0117340087890625, 0.013824462890625, 0.01273345947265625, 0.0139923095703125, 0.0139923095703125, 0.0137786865234375, 0.01421356201171875, 0.015106201171875, 0.0149383544921875, 0.0162811279296875, 0.01605987548828125, 0.0172882080078125, 0.0165557861328125, 0.01796722412109375, 0.0198822021484375, 0.0190887451171875, 0.02039337158203125, 0.02227020263671875, 0.02532196044921875, 0.02294921875, 0.02133941650390625, 0.01947021484375, 0.0196533203125, 0.0178375244140625, 0.017120361328125, 0.01717376708984375, 0.01630401611328125, 0.017120361328125, 0.015350341796875, 0.0145416259765625, 0.0128936767578125, 0.01294708251953125, 0.0125732421875, 0.0117645263671875, 0.01125335693359375, 0.011260986328125, 0.0113372802734375, 0.010284423828125, 0.01007843017578125, 0.00957489013671875, 0.0096893310546875, 0.009307861328125, 0.008758544921875, 0.0088958740234375, 0.0078582763671875, 0.00786590576171875, 0.00833892822265625, 0.0077667236328125, 0.007354736328125, 0.0071868896484375, 0.0067291259765625, 0.00688934326171875, 0.00690460205078125, 0.00629425048828125, 0.01094818115234375, 0.0088958740234375, 0.008880615234375, 0.0074462890625, 0.00623321533203125, 0.005279541015625, 0.00420379638671875, 0.00388336181640625, 0.003173828125, 0.002532958984375, 0.0017242431640625, 0.001434326171875, 0.00084686279296875, 0.000457763671875, 0.00025177001953125, 0.0001220703125, 6.866455078125e-05, 1.52587890625e-05, 0.0, 0.0, 0.0, 0.0, 0.0, 0.0, 0.0, 0.0, 0.0, 0.0, 0.0, 0.0, 0.0, 0.0, 0.0]}