{"centroid": [0.5064394381541575, 0.5076923076923077, 0.5105054278043656], "volume": 85670, "max_distance": 91.92388155425118, "cavity_codes": [], "n2": [0.001953125, 0.00022125244140625, 0.000335693359375, 0.0008544921875, 0.00160980224609375, 0.001861572265625, 0.00154876708984375, 0.00249481201171875, 0.00305938720703125, 0.00331878662109375, 0.00431060791015625, 0.0041656494140625, 0.0051422119140625, 0.00461578369140625, 0.0060577392578125, 0.0059356689453125, 0.00537109375, 0.006866455078125, 0.0070648193359375, 0.00771331787109375, 0.00753021240234375, 0.0081787109375, 0.00879669189453125, 0.0080413818359375, 0.00965118408203125, 0.0087432861328125, 0.01043701171875, 0.01067352294921875, 0.01038360595703125, 0.01056671142578125, 0.01186370849609375, 0.0115966796875, 0.012725830078125, 0.0127105712890625, 0.01242828369140625, 0.0138702392578125, 0.013916015625, 0.01438140869140625, 0.014434814453125, 0.01566314697265625, 0.01593780517578125, 0.01747894287109375, 0.01563262939453125, 0.01674652099609375, 0.01804351806640625, 0.0188140869140625, 0.01830291748046875, 0.02014923095703125, 0.02121734619140625, 0.024810791015625, 0.0237274169921875, 0.0205078125, 0.02069854736328125, 0.02034759521484375, 0.01830291748046875, 0.017913818359375, 0.0190277099609375, 0.018829345703125, 0.0169677734375, 0.01581573486328125, 0.0158538818359375, 0.01457977294921875, 0.013916015625, 0.01338958740234375, 0.0133209228515625, 0.01329803466796875, 0.0137939453125, 0.01318359375, 0.0124053955078125, 0.0112457275390625, 0.01030731201171875, 0.01012420654296875, 0.0101165771484375, 0.0095367431640625, 0.00908660888671875, 0.00966644287109375, 0.00807952880859375, 0.00881195068359375, 0.0079498291015625, 0.0075836181640625, 0.00775146484375, 0.0070343017578125, 0.00702667236328125, 0.0089111328125, 0.010772705078125, 0.00914764404296875, 0.00748443603515625, 0.00698089599609375, 0.00592041015625, 0.00499725341796875, 0.00411224365234375, 0.003509521484375, 0.00286102294921875, 0.001983642578125, 0.00179290771484375, 0.0008392333984375, 0.00083160400390625, 0.00042724609375, 0.0003662109375, 0.0001983642578125, 0.00011444091796875, 0.00011444091796875, 7.62939453125e-05, 5.340576171875e-05, 3.814697265625e-05, 7.62939453125e-06, 3.0517578125e-05, 0.0, 0.0, 0.0, 0.0, 0.0, 0.0, 0.0, 0.0, 0.0, 0.0, 0.0, 0.0, 0.0]}