{"centroid": [0.5081761176279799, 0.5076923076923077, 0.5105816530623277], "volume": 92495, "max_distance": 98.14784765851975, "cavity_codes": [], "n2": [0.001953125, 0.00029754638671875, 0.00058746337890625, 0.0008697509765625, 0.00119781494140625, 0.0017242431640625, 0.00225067138671875, 0.003173828125, 0.00302886962890625, 0.00360107421875, 0.003662109375, 0.00507354736328125, 0.00527191162109375, 0.0052337646484375, 0.00566864013671875, 0.0057220458984375, 0.00595855712890625, 0.0074615478515625, 0.00749969482421875, 0.008270263671875, 0.0085601806640625, 0.00754547119140625, 0.0089111328125, 0.0089874267578125, 0.0101470947265625, 0.01000213623046875, 0.00978851318359375, 0.01050567626953125, 0.0108642578125, 0.0123443603515625, 0.013092041015625, 0.01253509521484375, 0.01244354248046875, 0.01361083984375, 0.013641357421875, 0.01369476318359375, 0.0147552490234375, 0.01497650146484375, 0.015289306640625, 0.016387939453125, 0.01653289794921875, 0.01792144775390625, 0.01799774169921875, 0.01979827880859375, 0.019561767578125, 0.0238189697265625, 0.02584075927734375, 0.02498626708984375, 0.02272796630859375, 0.0225830078125, 0.022003173828125, 0.02167510986328125, 0.02309417724609375, 0.02230072021484375, 0.02039337158203125, 0.01938629150390625, 0.01845550537109375, 0.0174102783203125, 0.01628875732421875, 0.01636505126953125, 0.01662445068359375, 0.01531219482421875, 0.01486968994140625, 0.01445770263671875, 0.01384735107421875, 0.01232147216796875, 0.01259613037109375, 0.0116119384765625, 0.01068878173828125, 0.010589599609375, 0.0099945068359375, 0.00974273681640625, 0.00885009765625, 0.0090789794921875, 0.008209228515625, 0.00791168212890625, 0.00809478759765625, 0.0077972412109375, 0.00943756103515625, 0.0105743408203125, 0.0086517333984375, 0.007171630859375, 0.0069122314453125, 0.00528717041015625, 0.00518798828125, 0.004241943359375, 0.00339508056640625, 0.00305938720703125, 0.0022430419921875, 0.00193023681640625, 0.00115966796875, 0.00080108642578125, 0.00057220458984375, 0.00042724609375, 0.00026702880859375, 0.00012969970703125, 0.00011444091796875, 6.866455078125e-05, 3.0517578125e-05, 7.62939453125e-06, 0.0, 0.0, 0.0, 0.0, 0.0, 0.0, 0.0, 0.0, 0.0, 0.0, 0.0, 0.0, 0.0, 0.0, 0.0, 0.0, 0.0, 0.0, 0.0, 0.0]}